State,Company,Street,City,ZIP,Phone,Rule_ID,Candidate_Action,Expected,Gold_Source_URL,Gold_Notes
SD,A Perfect 10 Nail & Beauty Bar / Omaha,1109 W Omaha St B,Rapid City,57701,(605) 791-2600,R_NAIL_EXPLICIT_STRONG,KEEP,NAIL,https://www.ap10nailbar.com/locations,Manual independent web check matched business identity/location and nail services.
SD,A Perfect 10 Nail & Beauty Bar/ Rushmore Crossing,1745 Eglin St #770,Rapid City,57701,(605) 791-2600,R_NAIL_EXPLICIT_STRONG,KEEP,NAIL,https://www.ap10nailbar.com/locations,Manual independent web check matched business identity/location and nail services.
SD,Ann Nails (New management),5316 E Arrowhead Pkwy,Sioux Falls,57110,(605) 338-6245,R_NAIL_EXPLICIT_STRONG,KEEP,NAIL,https://reviews.birdeye.com/ann-nails-new-management-170107464905772,Manual independent web check matched business identity/location and nail services.
SD,"Avant Garde Day Spa - Nails, Facials, Massage, Pedicare, Manicare, Hair",613 6th St,Rapid City,57701,(605) 721-0552,R_NAIL_EXPLICIT_STRONG,KEEP,NAIL,https://salonlookup.com/services/day-spa/sd,Manual independent web check matched business identity/location and nail services.
SD,Black Hills Nail Studio LLC,822 Main St Ste 6,Rapid City,57701,(605) 415-9694,R_NAIL_EXPLICIT_STRONG,KEEP,NAIL,https://erikahmbhnailstudio.glossgenius.com/services,Manual independent web check matched business identity/location and nail services.
SD,Cobe Nails,3001 Broadway Ave,Yankton,57078,(605) 665-0782,R_NAIL_EXPLICIT_STRONG,KEEP,NAIL,https://reviews.birdeye.com/cobe-nails-170090593056416,Manual independent web check matched business identity/location and nail services.
SD,Glamour Nails & Spa,4017 W 41st St,Sioux Falls,57106,(605) 361-9576,R_NAIL_EXPLICIT_STRONG,KEEP,NAIL,https://glamournailsspasd.com/services,Manual independent web check matched business identity/location and nail services.
SD,Grand Nails And Spa,5019 S Western Ave Unit 140,Sioux Falls,57108,(605) 271-8988,R_NAIL_EXPLICIT_STRONG,KEEP,NAIL,https://www.bestprosintown.com/sd/sioux-falls/grand-nails-and-spa-/,Manual independent web check matched business identity/location and nail services.
SD,Happy Nail,109 N Splitrock Blvd,Brandon,57005,(605) 582-8719,R_NAIL_EXPLICIT_STRONG,KEEP,NAIL,https://www.bestprosintown.com/sd/brandon/happy-nail-/,Manual independent web check matched business identity/location and nail services.
SD,LOVELY NAILS,951 Eglin St,Rapid City,57701,(605) 791-1043,R_NAIL_EXPLICIT_STRONG,KEEP,NAIL,https://reviews.birdeye.com/lovely-nails-170094418767283,Manual independent web check matched business identity/location and nail services.
SD,Luxury Nails Spa,3828 6th Ave SE C,Aberdeen,57401,(605) 229-3020,R_NAIL_EXPLICIT_STRONG,KEEP,NAIL,https://www.bestprosintown.com/sd/aberdeen/nail-salons/,Manual independent web check matched business identity/location and nail services.
SD,Nail World,3209 S Sertoma Ave,Sioux Falls,57106,(605) 275-5577,R_NAIL_EXPLICIT_STRONG,KEEP,NAIL,https://www.nailworldsd.com/,Manual independent web check matched business identity/location and nail services.
SD,Nails Art,5012 S Cliff Ave,Sioux Falls,57108,(605) 275-8899,R_NAIL_EXPLICIT_STRONG,KEEP,NAIL,https://www.loc8nearme.com/south-dakota/sioux-falls/nails-art/4077764/,Manual independent web check matched business identity/location and nail services.
SD,Nails Club,3315 6th Ave SE #54,Aberdeen,57401,(605) 229-7946,R_NAIL_EXPLICIT_STRONG,KEEP,NAIL,https://www.bestprosintown.com/sd/aberdeen/nails-club-/,Manual independent web check matched business identity/location and nail services.
SD,Nails by luisa LLC,2122 S Spring Ave,Sioux Falls,57105,(605) 310-8064,R_NAIL_EXPLICIT_STRONG,KEEP,NAIL,https://reviews.birdeye.com/nails-by-luisa-llc-170644680165064,Manual independent web check matched business identity/location and nail services.
SD,Oscar Nails Spa,2363 Dakota Ave S,Huron,57350,(605) 352-5288,R_NAIL_EXPLICIT_STRONG,KEEP,NAIL,https://www.yellowpages.com/huron-sd/mip/oscar-nails-spa-481463715,Manual independent web check matched business identity/location and nail services.
SD,Quality Nails and Spa,2121 S Minnesota Ave,Sioux Falls,57105,(605) 334-1463,R_NAIL_EXPLICIT_STRONG,KEEP,NAIL,https://www.chamberofcommerce.com/business-directory/south-dakota/sioux-falls/nail-salon/34574541-quality-nails-and-spa,Manual independent web check matched business identity/location and nail services.
SD,Rushmore Nails,1001 E North St Ste 3,Rapid City,57701,(605) 716-0314,R_NAIL_EXPLICIT_STRONG,KEEP,NAIL,https://maps.apple.com/place?place-id=I46697971B8C26CF4,Manual independent web check matched business identity/location and nail services.
SD,Serenity Nail Salon,5201 S Solberg Ave Suite 121,Sioux Falls,57108,(605) 213-0147,R_NAIL_EXPLICIT_STRONG,KEEP,NAIL,https://serenitynailspa.glossgenius.com/,Manual independent web check matched business identity/location and nail services.
SD,Shear Thing Hair & Nail Salon,120 7th Ave,Fort Pierre,57532,(605) 223-2920,R_NAIL_EXPLICIT_STRONG,KEEP,NAIL,https://salondiscover.com/shear-thing-hair-nail-salon-57532/,Manual independent web check matched business identity/location and nail services.
SD,TLC NAILS SPA,902 W 22nd St,Sioux Falls,57105,(605) 271-1562,R_NAIL_EXPLICIT_STRONG,KEEP,NAIL,https://maps.apple.com/place?place-id=IF27D0ADD4D930006,Manual independent web check matched business identity/location and nail services.
SD,The Nail Lounge,2408 E 10th St,Sioux Falls,57103,(605) 360-2149,R_NAIL_EXPLICIT_STRONG,KEEP,NAIL,https://thenailloungesf.com/,Manual independent web check matched business identity/location and nail services.
SD,The Nail Place,3408 S Western Ave,Sioux Falls,57105,(605) 906-1199,R_NAIL_EXPLICIT_STRONG,KEEP,NAIL,https://maps.apple.com/place?place-id=I84C4D52C3BE74940,Manual independent web check matched business identity/location and nail services.
SD,Tran Nails Salon,604 Oak St E,Sisseton,57262,(408) 644-9963,R_NAIL_EXPLICIT_STRONG,KEEP,NAIL,https://reviews.birdeye.com/tran-nails-salon-167540831206496,Manual independent web check matched business identity/location and nail services.
SD,Hang Nails Salon,—,500 E Figzel Ct,57064,(605) 408-3617,R_NAIL_EXPLICIT_STRONG,KEEP,NAIL,https://www.bbb.org/us/sd/tea/profile/nail-salon/hang-nails-salon-0714-300167696,Manual independent web check matched business identity/location and nail services.
SD,Pro Nails,3015 6th Ave SE #10,Aberdeen,57401,(605) 262-4747,R_NAIL_EXPLICIT_STRONG,KEEP,NAIL,https://pronailsaberdeen.weebly.com/,Manual independent web check matched business identity/location and nail services.
SD,Tip And Toe Nails,3307 7th Ave SE Unit 112,Aberdeen,57401,(605) 262-4343,R_NAIL_EXPLICIT_STRONG,KEEP,NAIL,https://salondiscover.com/tip-and-toe-nails-57401/,Manual independent web check matched business identity/location and nail services.
SD,Digits Nail Spa PLLC,520 5th Ave,Belle Fourche,57717,(605) 801-0966,R_NAIL_EXPLICIT_STRONG,KEEP,NAIL,https://www.bellefourchebeacon.com/2025/02/new-nail-spa-offers-unique-services-to-the-area/,Manual independent web check matched business identity/location and nail services.
SD,Sassy nails and spa,511 N Splitrock Blvd,Brandon,57005,(605) 582-7997,R_NAIL_EXPLICIT_STRONG,KEEP,NAIL,https://reviews.birdeye.com/sassy-nails-and-spa-170092223314573,Manual independent web check matched business identity/location and nail services.
SD,Brookings Nails & Spa (SOUTH DAKOTA),2035 Orchard Dr Ste 4,Brookings,57006,(605) 692-8788,R_NAIL_EXPLICIT_STRONG,KEEP,NAIL,https://maps.apple.com/place?place-id=I452F02941264CA82,Manual independent web check matched business identity/location and nail services.
SD,Bowdle Building & Hardware,32575 US-12,Bowdle,57428,(605) 285-6303,R_NON_NAIL_CATEGORY_STRONG,REMOVE,NOT_NAIL,https://bowdlesd.com/business-directory,Manual independent web check matched business identity/location and definite non-beauty category.
SD,Buche Ace Hardware,301 US-18,Martin,57551,(605) 685-6730,R_NON_NAIL_CATEGORY_STRONG,REMOVE,NOT_NAIL,https://www.acehardware.com/store-details/17989,Manual independent web check matched business identity/location and definite non-beauty category.
SD,Dakota Ace Hardware,106 N Main St,Viborg,57070,(605) 766-5097,R_NON_NAIL_CATEGORY_STRONG,REMOVE,NOT_NAIL,https://www.acehardware.com/store-details/07812,Manual independent web check matched business identity/location and definite non-beauty category.
SD,Dollar General,410 W Garfield Ave,Gettysburg,57442,(605) 229-9912,R_NON_NAIL_CATEGORY_STRONG,REMOVE,NOT_NAIL,https://www.dollargeneral.com/store-directory/sd/gettysburg/17770,Manual independent web check matched business identity/location and definite non-beauty category.
SD,Dollar General,204 US-14,Volga,57071,(605) 627-1027,R_NON_NAIL_CATEGORY_STRONG,REMOVE,NOT_NAIL,https://www.dollargeneral.com/store-directory,Manual independent web check matched business identity/location and definite non-beauty category.
SD,Dollar General,200 S Main Ave,Colton,57018,(605) 221-8568,R_NON_NAIL_CATEGORY_STRONG,REMOVE,NOT_NAIL,https://www.waze.com/live-map/directions/us/sd/colton/dollar-general?to=place.ChIJlXNLfMgkiYcRvbd9vluuoB4,Manual independent web check matched business identity/location and definite non-beauty category.
SD,Elk Point Ace Hardware,609 W Main St,Elk Point,57025,(605) 356-3311,R_NON_NAIL_CATEGORY_STRONG,REMOVE,NOT_NAIL,https://www.acehardware.com/store-details/16639,Manual independent web check matched business identity/location and definite non-beauty category.
SD,Hy-Vee Grocery Store,201 E Willow St,Harrisburg,57032,(605) 213-2222,R_NON_NAIL_CATEGORY_STRONG,REMOVE,NOT_NAIL,https://www.bbb.org/us/sd/harrisburg/profile/grocery-store/hy-vee-grocery-store-0714-1000080552,Manual independent web check matched business identity/location and definite non-beauty category.
SD,New Frontier - Steakhouse & Lounge,500 Main St,Webster,57274,(605) 345-9988,R_NON_NAIL_CATEGORY_STRONG,REMOVE,NOT_NAIL,https://webstersd.com/,Manual independent web check matched business identity/location and definite non-beauty category.
SD,Parker Ace Hardware,1105 E 6th St,Parker,57053,(605) 789-3031,R_NON_NAIL_CATEGORY_STRONG,REMOVE,NOT_NAIL,https://www.acehardware.com/store-details/17740,Manual independent web check matched business identity/location and definite non-beauty category.
SD,Roscoe Trustworthy Hardware,104 Mitchell St,Roscoe,57471,(605) 287-4411,R_NON_NAIL_CATEGORY_STRONG,REMOVE,NOT_NAIL,https://www.bbb.org/us/sd/herreid/category/hardware-sales,Manual independent web check matched business identity/location and definite non-beauty category.
SD,Ruby House Restaurant,124 Winter St,Keystone,57751,(605) 666-4404,R_NON_NAIL_CATEGORY_STRONG,REMOVE,NOT_NAIL,https://rubyhousekeystone.com/,Manual independent web check matched business identity/location and definite non-beauty category.
SD,Schmidt Country True Value,303 W Park Ave,Marion,57043,(605) 648-3631,R_NON_NAIL_CATEGORY_STRONG,REMOVE,NOT_NAIL,https://www.truevalue.com/find-a-store/south-dakota/,Manual independent web check matched business identity/location and definite non-beauty category.
SD,Scotland Hardware,511 Main St,Scotland,57059,(605) 583-4512,R_NON_NAIL_CATEGORY_STRONG,REMOVE,NOT_NAIL,https://www.loc8nearme.com/south-dakota/scotland/scotland-hardware/3143234/,Manual independent web check matched business identity/location and definite non-beauty category.
SD,Volga Ace Hardware,114 US-14,Volga,57071,(605) 827-2020,R_NON_NAIL_CATEGORY_STRONG,REMOVE,NOT_NAIL,https://www.acehardware.com/store-details/17992,Manual independent web check matched business identity/location and definite non-beauty category.
SD,Burke True Value,906 Main St,Burke,57523,(605) 775-2804,R_NON_NAIL_CATEGORY_STRONG,REMOVE,NOT_NAIL,https://www.truevalue.com/find-a-store/south-dakota/,Manual independent web check matched business identity/location and definite non-beauty category.
SD,Chamberlain Ace Hardware,1951 E King St,Chamberlain,57325,(605) 234-1066,R_NON_NAIL_CATEGORY_STRONG,REMOVE,NOT_NAIL,https://www.acehardware.com/store-details/17501,Manual independent web check matched business identity/location and definite non-beauty category.
SD,Harrisburg Ace Hardware,200 E Willow St,Harrisburg,57032,(605) 213-0600,R_NON_NAIL_CATEGORY_STRONG,REMOVE,NOT_NAIL,https://www.acehardware.com/store-details/16832,Manual independent web check matched business identity/location and definite non-beauty category.
SD,Coffee Cup Fuel Stop,1001 S Western Ave,Hartford,57033,(605) 528-4622,R_NON_NAIL_CATEGORY_STRONG,REMOVE,NOT_NAIL,https://www.coffeecupfuelstops.com/hartford,Manual independent web check matched business identity/location and definite non-beauty category.
SD,Tyndall Ace Hardware,802 Main St,Tyndall,57066,(605) 589-4700,R_NON_NAIL_CATEGORY_STRONG,REMOVE,NOT_NAIL,https://www.acehardware.com/store-details/15164,Manual independent web check matched business identity/location and definite non-beauty category.
