State,Company,Street,City,ZIP,Phone,Rating,Reviews,Status,Expected,Gold_Source_URL,Gold_Notes,Gold_Split
SD,Hang Nails Salon,—,500 E Figzel Ct,57064,(605) 408-3617,4.9,64,OPERATIONAL,NAIL,https://www.bbb.org/us/sd/tea/profile/nail-salon/hang-nails-salon-0714-300167696,BBB classifies matching business as Nail Salon.,CALIBRATION_ADDENDUM
SD,Brookings Nails & Spa (SOUTH DAKOTA),1813 6th St,Brookings,57006,(605) 692-4557,4.2,208,OPERATIONAL,NAIL,https://maps.apple.com/place?place-id=I452F02941264CA82,Apple Maps classifies matching business as Nail Salon.,CALIBRATION_ADDENDUM
SD,Orchid Nails & Spa Brookings,1819 6th St Ste 102,Brookings,57006,(605) 692-3535,4.5,310,OPERATIONAL,NAIL,https://www.bbb.org/us/sd/brookings/profile/nail-salon/orchid-nails-spa-brookings-0714-1000056704,BBB classifies matching business as Nail Salon.,CALIBRATION_ADDENDUM
SD,Oscar Nails Spa,1819 6th St,Brookings,57006,(605) 692-8465,4.2,182,OPERATIONAL,NAIL,https://www.loc8nearme.com/south-dakota/brookings/oscar-nails-spa/4113150/,Independent listing classifies matching business as Nail Salon.,CALIBRATION_ADDENDUM
SD,Diva Nails Spa,2055 Dakota Ave S,Huron,57350,(605) 554-2023,4.2,156,OPERATIONAL,NAIL,https://www.loc8nearme.com/south-dakota/huron/star-nails/2216258/,Independent nail-salon listing/reviews identify the matching Huron nail business.,CALIBRATION_ADDENDUM
SD,Orchid Nails & Spa,1005 E Spruce St,Mitchell,57301,(605) 990-0025,4.5,200,OPERATIONAL,NAIL,https://reviews.birdeye.com/orchid-nails-spa-167628543013014,Independent listing/reviews confirm nail services at matching business.,CALIBRATION_ADDENDUM
SD,Pro Nails,2100 Highland Way,Mitchell,57301,(605) 990-3344,4.0,71,OPERATIONAL,NAIL,https://www.bestprosintown.com/sd/mitchell/pro-nails-/,Independent listing classifies matching business as Nail Salon.,CALIBRATION_ADDENDUM
SD,Colorful Nails,1615 N Harrison Ave,Pierre,57501,(605) 224-8888,4.5,102,OPERATIONAL,NAIL,https://www.bestprosintown.com/sd/pierre/nail-salons/,Independent Pierre nail-salon directory lists matching business.,CALIBRATION_ADDENDUM
SD,Diamonds Nails and Spa,1615 N Harrison Ave Ste B,Pierre,57501,(605) 945-0555,4.6,176,OPERATIONAL,NAIL,https://www.loc8nearme.com/south-dakota/pierre/diamonds-nails-and-spa/4023118/,Independent listing classifies matching business as Nail Salon.,CALIBRATION_ADDENDUM
SD,Next Level Nails,740 N Euclid Ave,Pierre,57501,(605) 222-1051,5.0,12,OPERATIONAL,NAIL,https://booksy.com/en-us/1759071_next-level-nails_nail-salon_35426_pierre,Booking profile classifies business as Nail Salon and offers nail services.,CALIBRATION_ADDENDUM
SD,A Perfect 10 Nail & Beauty Bar/ Catron,1109 W Omaha St B,Rapid City,57701,(605) 791-2600,4.5,69,OPERATIONAL,NAIL,https://www.bestprosintown.com/sd/rapid-city/nail-salons/,Independent Rapid City nail-salon directory lists matching location.,CALIBRATION_ADDENDUM
SD,Classic Nails,1601 Mt Rushmore Rd Ste 1,Rapid City,57701,(605) 716-6555,4.5,145,OPERATIONAL,NAIL,https://www.bestprosintown.com/sd/rapid-city/classic-nails-/,Independent listing classifies matching business as Nail Salon.,CALIBRATION_ADDENDUM
SD,D Nails,2200 N Maple Ave Ste 382,Rapid City,57701,(605) 341-4247,4.3,78,OPERATIONAL,NAIL,https://www.bestprosintown.com/sd/rapid-city/d-nails-/,Independent listing classifies matching business as Nail Salon.,CALIBRATION_ADDENDUM
SD,Elegant Nails,1530 Haines Ave,Rapid City,57701,(605) 341-1688,4.1,102,OPERATIONAL,NAIL,https://www.bestprosintown.com/sd/rapid-city/nail-salons/,Independent Rapid City nail-salon directory lists matching business.,CALIBRATION_ADDENDUM
SD,Impressive Nails,2525 W Main St Ste 206,Rapid City,57702,(605) 343-3298,4.4,95,OPERATIONAL,NAIL,https://www.bestprosintown.com/sd/rapid-city/nail-salons/,Independent Rapid City nail-salon directory lists matching business.,CALIBRATION_ADDENDUM
SD,NV Nails,2012 W Main St Ste 2,Rapid City,57702,(605) 718-2224,4.7,144,OPERATIONAL,NAIL,https://www.bestprosintown.com/sd/rapid-city/nv-nails-/,Independent listing classifies matching business as Nail Salon.,CALIBRATION_ADDENDUM
SD,Paris Nails,1612 Eglin St Ste 300,Rapid City,57701,(605) 791-1115,4.4,80,OPERATIONAL,NAIL,https://www.bestprosintown.com/sd/rapid-city/nail-salons/,Independent Rapid City nail-salon directory lists matching business.,CALIBRATION_ADDENDUM
SD,Polished Nails and Spa,1934 Haines Ave Ste 103,Rapid City,57701,(605) 716-1234,4.6,59,OPERATIONAL,NAIL,https://www.bestprosintown.com/sd/rapid-city/nail-salons/,Independent Rapid City nail-salon directory lists matching business.,CALIBRATION_ADDENDUM
SD,Pro Nails,1925 W Main St #1,Rapid City,57702,(605) 341-7050,4.0,117,OPERATIONAL,NAIL,https://www.bestprosintown.com/sd/rapid-city/pro-nails-/,Independent listing classifies matching business as Nail Salon.,CALIBRATION_ADDENDUM
SD,Sparkle and Sass Nail Studio,120 Main St,Rapid City,57701,(605) 545-2389,5.0,12,OPERATIONAL,NAIL,https://www.bestprosintown.com/sd/rapid-city/nail-salons/,Independent Rapid City nail-salon directory lists matching business.,CALIBRATION_ADDENDUM
SD,The Nail Bar,717 Mountain View Rd,Rapid City,57702,(605) 791-2233,4.8,65,OPERATIONAL,NAIL,https://maps.apple.com/place?place-id=I3C2F804BF69F07F2,Apple Maps classifies matching business as Nail Salon.,CALIBRATION_ADDENDUM
SD,Nails by TJ,1001 E North St Ste 4,Rapid City,57701,(605) 721-1930,4.8,19,OPERATIONAL,NAIL,https://www.dnb.com/business-directory/company-profiles.nails_by_tj_llc.48885c2192e4e114cd99197478dbaa06.html,Dun & Bradstreet classifies matching business industry as manicurist/pedicurist.,CALIBRATION_ADDENDUM
SD,Rock Star Nails,2200 N Maple Ave Ste 300,Rapid City,57701,(605) 341-0201,4.2,79,OPERATIONAL,NAIL,https://www.bbb.org/us/sd/rapid-city/profile/nail-salon/rock-star-nails-rushmore-mall-0714-300203726,BBB classifies matching business as Nail Salon.,CALIBRATION_ADDENDUM
SD,NAILS by Jenny,2020 W Main St Ste 4,Rapid City,57702,(605) 791-1010,4.9,31,OPERATIONAL,NAIL,https://nailsbyjennytd.com/,Official website lists nail services and matching business information.,CALIBRATION_ADDENDUM
SD,Ivy Nail Spa,2200 N Maple Ave Ste 308,Rapid City,57701,(605) 791-1122,4.6,43,OPERATIONAL,NAIL,https://baonail.com/index.php?id=E1805426bd&stores=Ivy-Nail-Spa,Current nail-industry listing identifies matching salon and nail services.,CALIBRATION_ADDENDUM
SD,Joy Nail Spa,5007 S Louise Ave,Sioux Falls,57108,(605) 271-1900,4.5,389,OPERATIONAL,NAIL,https://www.bestprosintown.com/sd/sioux-falls/nail-salons/,Independent Sioux Falls nail-salon directory lists matching business.,CALIBRATION_ADDENDUM
SD,Rose Nails,5024 S Bur Oak Pl Ste 117,Sioux Falls,57108,(605) 274-2828,4.7,209,OPERATIONAL,NAIL,https://www.bestprosintown.com/sd/sioux-falls/nail-salons/,Independent Sioux Falls nail-salon directory lists matching business.,CALIBRATION_ADDENDUM
SD,Flex Nails & Spa,5712 E 41st St,Sioux Falls,57110,(605) 271-7181,4.7,247,OPERATIONAL,NAIL,https://www.bestprosintown.com/sd/sioux-falls/nail-salons/,Independent Sioux Falls nail-salon directory lists matching business.,CALIBRATION_ADDENDUM
SD,Lux Nails and Spa,4521 E 57th St Ste 102,Sioux Falls,57108,(605) 271-8800,4.7,296,OPERATIONAL,NAIL,https://www.bestprosintown.com/sd/sioux-falls/nail-salons/,Independent Sioux Falls nail-salon directory lists matching business.,CALIBRATION_ADDENDUM
SD,Simply Nails,5024 S Bur Oak Pl Ste 118,Sioux Falls,57108,(605) 271-2255,4.9,64,OPERATIONAL,NAIL,https://www.bestprosintown.com/sd/sioux-falls/nail-salons/,Independent Sioux Falls nail-salon directory lists matching business.,CALIBRATION_ADDENDUM
SD,Lovely Nail Salon By Liza,1600 S Western Ave Ste B,Sioux Falls,57105,(605) 271-7474,4.8,105,OPERATIONAL,NAIL,https://www.bestprosintown.com/sd/sioux-falls/nail-salons/,Independent Sioux Falls nail-salon directory lists matching business.,CALIBRATION_ADDENDUM
SD,Gloss Nail Spa,5024 S Bur Oak Pl Ste 115,Sioux Falls,57108,(605) 271-2424,4.8,190,OPERATIONAL,NAIL,https://www.bestprosintown.com/sd/sioux-falls/nail-salons/,Independent Sioux Falls nail-salon directory lists matching business.,CALIBRATION_ADDENDUM
SD,Divine Nail Spa,1605 W 12th St,Sioux Falls,57104,(605) 274-2228,4.6,148,OPERATIONAL,NAIL,https://www.bestprosintown.com/sd/sioux-falls/nail-salons/,Independent Sioux Falls nail-salon directory lists matching business.,CALIBRATION_ADDENDUM
SD,Angel Nails,3401 W 47th St Ste 101,Sioux Falls,57106,(605) 361-9393,4.4,128,OPERATIONAL,NAIL,https://www.bestprosintown.com/sd/sioux-falls/nail-salons/,Independent Sioux Falls nail-salon directory lists matching business.,CALIBRATION_ADDENDUM
SD,Nail Studio,2810 E 10th St,Sioux Falls,57103,(605) 335-1114,4.7,150,OPERATIONAL,NAIL,https://www.bestprosintown.com/sd/sioux-falls/nail-studio-/,Independent listing classifies matching business as Nail Salon.,CALIBRATION_ADDENDUM
SD,Elegant Nail Bar & Spa,4825 S Louise Ave,Sioux Falls,57106,(605) 271-1177,4.8,322,OPERATIONAL,NAIL,https://www.bestprosintown.com/sd/sioux-falls/nail-salons/,Independent Sioux Falls nail-salon directory lists matching business.,CALIBRATION_ADDENDUM
SD,SoLily Nail Studio,6009 S Sharon Ave Ste 1,Sioux Falls,57108,(605) 271-1001,4.9,38,OPERATIONAL,NAIL,https://nailartai.app/nail-salons/south-dakota/sioux-falls,Independent nail-salon directory lists matching Sioux Falls business.,CALIBRATION_ADDENDUM
SD,LA Nails,4212 W Empire Pl,Sioux Falls,57106,(605) 361-3535,4.0,146,OPERATIONAL,NAIL,https://www.yellowpages.com/sioux-falls-sd/mip/la-nails-456457094,Independent listing classifies matching business as Nail Salon.,CALIBRATION_ADDENDUM
SD,Venus Nails,3101 W 41st St Ste 114,Sioux Falls,57105,(605) 361-9229,4.5,198,OPERATIONAL,NAIL,https://www.bestprosintown.com/sd/sioux-falls/nail-salons/,Independent Sioux Falls nail-salon directory lists matching business.,CALIBRATION_ADDENDUM
SD,Artistic Nails by Sheila,3500 S Western Ave,Sioux Falls,57105,(605) 271-1036,5.0,9,OPERATIONAL,NAIL,https://nailartai.app/nail-salons/south-dakota/sioux-falls,Independent nail-salon directory lists matching Sioux Falls business.,CALIBRATION_ADDENDUM
SD,T Nail Spa,5029 S Western Ave,Sioux Falls,57108,(605) 271-8911,4.5,291,OPERATIONAL,NAIL,https://tnailspasiouxfalls.com/contact,Official salon website confirms matching business/contact and nail services.,CALIBRATION_ADDENDUM
SD,Royal Nail & Spa,5125 S Western Ave,Sioux Falls,57108,(605) 275-0007,4.6,211,OPERATIONAL,NAIL,https://www.royalnail-spa.com/,Official website lists manicure/pedicure/acrylic services and matching location.,CALIBRATION_ADDENDUM
SD,Sky Nail Spa,6213 S Western Ave,Sioux Falls,57108,(605) 271-6688,4.7,254,OPERATIONAL,NAIL,https://skynailspasiouxfalls.com/,Official website lists manicure/pedicure/Gel-X services and matching location.,CALIBRATION_ADDENDUM
SD,Star Nails,5109 S Cliff Ave Unit 400,Sioux Falls,57108,(605) 271-3322,4.3,177,OPERATIONAL,NAIL,https://www.yellowpages.com/sioux-falls-sd/mip/star-nails-497072573,Independent listing classifies matching business as Nail Salon.,CALIBRATION_ADDENDUM
SD,Sun Nails and spa,3005 W 41st St,Sioux Falls,57105,(605) 361-9191,4.4,161,OPERATIONAL,NAIL,https://www.yellowpages.com/sioux-falls-sd/mip/sun-nails-10878005,Independent listing classifies matching business as Nail Salon.,CALIBRATION_ADDENDUM
SD,Top Nails,3600 S Louise Ave Ste 109,Sioux Falls,57106,(605) 361-3537,4.3,89,OPERATIONAL,NAIL,https://www.yellowpages.com/sioux-falls-sd/cha-nails,Independent directory page lists Top Nails at matching location as nail salon.,CALIBRATION_ADDENDUM
SD,QD Nail & Spa,6301 S Minnesota Ave Ste 200,Sioux Falls,57108,(605) 271-7868,4.7,258,OPERATIONAL,NAIL,https://qdnailandspa.com/,Official website lists nail services and matching business/location.,CALIBRATION_ADDENDUM
SD,Posh Nail Bar & Spa,712 S Highline Pl,Sioux Falls,57110,(605) 271-1919,4.5,203,OPERATIONAL,NAIL,https://www.waze.com/live-map/directions/us/sd/sioux-falls/posh-nail-bar-and-spa?to=place.ChIJ4ZSctcu3jocR94_sTLAQ9hs,Independent map listing confirms matching nail bar/spa.,CALIBRATION_ADDENDUM
SD,Queen Nails Spa,5000 W 41st St Ste 101,Sioux Falls,57106,(605) 271-4888,4.5,107,OPERATIONAL,NAIL,https://local.yahoo.com/consumer-services/beauty-and-personal-care/nail-salons/sd/sioux-falls/2/,Independent nail-salon directory lists matching Sioux Falls business.,CALIBRATION_ADDENDUM
SD,Em Nail Studio,5012 S Bur Oak Pl,Sioux Falls,57108,(605) 271-0081,4.9,22,OPERATIONAL,NAIL,https://nailartai.app/nail-salons/south-dakota/sioux-falls,Independent nail-salon directory lists matching Sioux Falls business.,CALIBRATION_ADDENDUM
SD,Burke True Value,1014 Main St,Burke,57523,(605) 775-2416,4.7,18,OPERATIONAL,NOT_NAIL,https://www.loc8nearme.com/south-dakota/burke/true-value/3328304/,Independent listing classifies matching business as Hardware Store.,CALIBRATION_ADDENDUM
SD,Corsica Hardware,262 E Main St,Corsica,57328,(605) 946-5200,4.8,17,OPERATIONAL,NOT_NAIL,https://www.yellowpages.com/corsica-sd/hardware-stores,Independent directory lists matching business/address/phone under Hardware Stores.,CALIBRATION_ADDENDUM
SD,"Silverado Franklin Historic Hotel & Gaming Complex, Legends Steakhouse & Silverado Grand Buffet",709 Main St,Deadwood,57732,(605) 578-3670,4.1,2600,OPERATIONAL,NOT_NAIL,https://www.silveradofranklin.com/,Official site identifies hotel/gaming/steakhouse/buffet complex not nail services.,CALIBRATION_ADDENDUM
SD,Dollar General,25378 485th Ave,Garretson,57030,(605) 594-2878,4.3,81,OPERATIONAL,NOT_NAIL,https://www.dollargeneral.com/store-directory/sd/garretson,Official Dollar General store directory confirms matching general retail store.,CALIBRATION_ADDENDUM
SD,Gettysburg True Value,105 E Commercial Ave,Gettysburg,57442,(605) 765-2488,4.7,21,OPERATIONAL,NOT_NAIL,https://www.yellowpages.com/gettysburg-sd/mip/gettysburg-true-value-1038785,Independent listing classifies matching business as Hardware Store.,CALIBRATION_ADDENDUM
SD,Dollar General,715 Main St,Gregory,57533,(605) 775-9038,4.2,99,OPERATIONAL,NOT_NAIL,https://usturfdirect.com/locations/south-dakota/gregory,Independent directory confirms matching Dollar General retail location.,CALIBRATION_ADDENDUM
SD,Gregory Building Center & Rental,122 S Main St,Gregory,57533,(605) 835-9641,4.8,21,OPERATIONAL,NOT_NAIL,https://www.yellowpages.com/platte-sd/rental-service-stores-yards,Independent directory lists matching building/rental/lumber business.,CALIBRATION_ADDENDUM
SD,Hartford Ace Hardware,120 N Main Ave,Hartford,57033,(605) 528-3411,4.7,72,OPERATIONAL,NOT_NAIL,https://www.loc8nearme.com/south-dakota/hartford/hartford-ace-hardware/6832299/,Independent listing classifies matching business as Hardware Store.,CALIBRATION_ADDENDUM
SD,Hartford Building Center,1001 S Western Ave,Hartford,57033,(605) 528-3361,4.7,27,OPERATIONAL,NOT_NAIL,https://www.bbb.org/us/sd/hartford/profile/building-materials/hartford-building-center-0714-113003290,BBB classifies matching business as Building Materials.,CALIBRATION_ADDENDUM
SD,Ace Hardware - Lead,145 Glendale Dr,Lead,57754,(605) 584-2331,4.7,52,OPERATIONAL,NOT_NAIL,https://www.acehardware.com/store-details/16391,Official Ace page identifies matching hardware store.,CALIBRATION_ADDENDUM
SD,Dollar General,206 State Hwy 73,Martin,57551,(605) 685-1178,4.3,100,OPERATIONAL,NOT_NAIL,https://www.loc8nearme.com/south-dakota/martin/dollar-general/6811440/,Independent listing classifies matching business as dollar/grocery/discount store.,CALIBRATION_ADDENDUM
SD,Newell Hardware & Supply,107 8th St,Newell,57760,(605) 456-2199,4.8,9,OPERATIONAL,NOT_NAIL,https://www.bellefourchebeacon.com/wp-content/uploads/2023/10/32-BF-Beacon-10-11-23-compressed.pdf,Local newspaper ad confirms Newell Hardware & Supply at matching location/phone.,CALIBRATION_ADDENDUM
SD,Tyndall Ace Hardware,1603 Main St,Tyndall,57066,(605) 589-4441,4.8,51,OPERATIONAL,NOT_NAIL,https://www.acehardware.com/store-details/15164,Official Ace page identifies matching hardware store.,CALIBRATION_ADDENDUM
SD,Webster Ace Hardware,501 Main St,Webster,57274,(605) 345-3323,4.7,45,OPERATIONAL,NOT_NAIL,https://www.loc8nearme.com/south-dakota/webster/webster-ace/6076092/,Independent listing classifies matching business as Hardware Store.,CALIBRATION_ADDENDUM
