State,Company,Street,City,ZIP,Phone,Source_Name,Source_Tier,Source_URL,Observed_Category,Nail_Service_Evidence,Business_Status_Evidence,Evidence_Direction,Evidence_Notes,Checked_At
SD,Bowdle Building & Hardware,32575 US-12,Bowdle,57428,6052856303,YellowPages,C,https://www.yellowpages.com/bowdle-sd/mip/bowdle-building-hardware-center-inc-14715554,Hardware Store,,OPERATIONAL,NOT_NAIL,"Exact address and phone; categories are Hardware Stores, Building Materials, and Lumber. Corroborates existing Bowdle City Directory evidence.",2026-09-28
SD,Burke True Value,906 Main St,Burke,57523,6057752804,True Value,A,https://www.truevalue.com/find-a-store/south-dakota/,Hardware Store,,OPERATIONAL,NOT_NAIL,"Official True Value South Dakota directory lists Burke True Value at 906 Main Street with phone 605-775-2804; True Value identifies its stores as hardware/lumber stores.",2026-09-28
SD,Dollar General,200 S Main Ave,Colton,57018,6052218568,Dollar General,A,https://www.dollargeneral.com/store-directory/sd/colton/18515,General Retail,,OPERATIONAL,NOT_NAIL,"Official Dollar General store page identifies the Colton location at 200 S Main Ave; Dollar General describes itself as a neighborhood general store selling retail goods.",2026-09-28
SD,Corsica Hardware,140 E Main St,Corsica,57328,6059465481,Do it Best,A,https://www.doitbest.com/find-a-store/south-dakota/,Hardware Store,,OPERATIONAL,NOT_NAIL,"Official Do it Best South Dakota directory lists Corsica Hardware at 140 East Main Street with phone 605-946-5481.",2026-09-28
SD,Gettysburg True Value,107 W Commercial Ave,Gettysburg,57442,6057652183,True Value,A,https://stores.truevalue.com/sd/gettysburg/239/,Hardware Store,,OPERATIONAL,NOT_NAIL,"Official True Value store page identifies Gettysburg True Value at 107 W Commercial and explicitly describes it as a locally owned hardware store.",2026-09-28
SD,Dollar General,207 US-18,Gregory,57533,6052991996,Dollar General,A,https://www.dollargeneral.com/store-directory/sd/gregory/15462,General Retail,,OPERATIONAL,NOT_NAIL,"Official Dollar General page lists 207 East Hwy 18 in Gregory and phone 605-299-1996; identity matches the NailMap row despite road-format variation.",2026-09-28
SD,Gregory Building Center & Rental,122 S Main St,Gregory,57533,6058358781,Gregory Building Center,A,https://www.bgbuildingcenter.com/,Building Materials / Hardware,,OPERATIONAL,NOT_NAIL,"Official business site lists Gregory Building Center at 122 S Main Street / Highway 18, phone 605-835-8781, and states its locations provide lumber, hardware, and equipment rental.",2026-09-28
SD,Hy-Vee Grocery Store,201 E Willow St,Harrisburg,57032,6052132222,Hy-Vee,A,https://www.hy-vee.com/stores/Detail.aspx?s=3843,Grocery Store,,OPERATIONAL,NOT_NAIL,"Official Hy-Vee page identifies the Harrisburg supermarket at 201 E Willow Street and 605-213-2222. Existing identity collision must still block automatic removal.",2026-09-28
SD,Hartford Ace Hardware,701 S Western Ave,Hartford,57033,6055283300,Ace Hardware,A,https://www.acehardware.com/store-details/17716,Hardware Store,,OPERATIONAL,NOT_NAIL,"Official Ace store page identifies Hartford Ace Hardware at 701 S Western Avenue and phone 605-528-3300.",2026-09-28
SD,Hartford Building Center,1001 N Oaks Ave,Hartford,57033,6055283495,Do it Best,A,https://www.doitbest.com/hartford-building-center/,Hardware / Home Improvement,,OPERATIONAL,NOT_NAIL,"Official Do it Best store page identifies Hartford Building Center at 1001 North Oaks Avenue, phone 605-528-3495, and shows hardware/home-improvement categories.",2026-09-28
SD,Dollar General,217 Bennett Ave,Martin,57551,6053054115,Dollar General,A,https://www.dollargeneral.com/store-directory/sd/martin/21106,General Retail,,OPERATIONAL,NOT_NAIL,"Official Dollar General store page identifies 217 W Bennett Ave, Martin, with phone 605-305-4115. Registry keeps NailMap street wording while recording the official directional-prefix variation.",2026-09-28
SD,Newell Hardware & Supply,320 Girard Ave,Newell,57760,6054562313,Do it Best,A,https://www.doitbest.com/find-a-store/south-dakota/8410-newell-hardware-supply/,Hardware Store,,OPERATIONAL,NOT_NAIL,"Official Do it Best store page identifies Newell Hardware & Supply; the official state directory lists 320 Girard Ave and 605-456-2313.",2026-09-28
SD,Roscoe Trustworthy Hardware,104 Mitchell St,Roscoe,57471,6052874411,Do it Best,A,https://www.doitbest.com/find-a-store/south-dakota/,Hardware Store,,OPERATIONAL,NOT_NAIL,"Official Do it Best directory lists Roscoe Trustworthy Hardware at 104 N Mitchell Street and 605-287-4411. Registry keeps NailMap street wording while recording the official directional-prefix variation.",2026-09-28
SD,Scotland Hardware,511 Main St,Scotland,57059,6055834512,Do it Best,A,https://www.doitbest.com/find-a-store/south-dakota/,Hardware Store,,OPERATIONAL,NOT_NAIL,"Official Do it Best South Dakota directory lists Scotland Hardware at 511 Main Street with phone 605-583-4512.",2026-09-28
SD,Coffee Cup Fuel Stop,US-83,Vivian,57576,6056834666,Coffee Cup Fuel Stops,A,https://www.coffeecupfuelstops.com/vivian,Fuel Stop / Convenience Store,,OPERATIONAL,NOT_NAIL,"Official Coffee Cup page identifies Fuel Stop #8 in Vivian at I-90 & Hwy 83 Exit 212, phone 605-683-4666, with convenience/travel-store and fuel amenities.",2026-09-28
SD,New Frontier - Steakhouse & Lounge,500 Main St,Webster,57274,6053459988,Restaurantji,C,https://www.restaurantji.com/sd/webster/new-frontier-steakhouse-/,Restaurant / Steakhouse,,OPERATIONAL,NOT_NAIL,"Independent restaurant directory identifies New Frontier Steakhouse & Lounge at 500 Main St, Webster, phone 605-345-9988, categorized as a steakhouse.",2026-09-28
SD,New Frontier - Steakhouse & Lounge,500 Main St,Webster,57274,6053459988,Tripadvisor,C,https://www.tripadvisor.com/Restaurant_Review-g54858-d4646330-Reviews-The_New_Frontier_Steakhouse-Webster_South_Dakota.html,Restaurant / Steakhouse,,OPERATIONAL,NOT_NAIL,"Independent Tripadvisor listing identifies The New Frontier Steakhouse at 500 Main St, Webster, phone 605-345-9988, cuisine Steakhouse.",2026-09-28
SD,Webster Ace Hardware,20 US-12,Webster,57274,6053453821,Ace Hardware,A,https://www.acehardware.com/store-details/17618,Hardware Store,,OPERATIONAL,NOT_NAIL,"Official Ace page identifies Webster Ace Hardware at 20 W Highway 12 and 605-345-3821; registry keeps NailMap road wording while recording the official address variation.",2026-09-28
